﻿{
  "Gathering": "Gathering queue information",
  "License": "License is required",
  "Steam": "Steam is required",
  "Banned": "You are banned",
  "Whitelist": "You are not whitelisted",
  "Queue": "You are in queue",
  "PriorityQueue": "You are in priority queue",
  "Canceled": "Canceled from queue",
  "Error": "An error prevented deferrals",
  "Timeout": "Exceeded server owners maximum loading time threshold",
  "QueueCount": "[Queue: {0}]",
  "Symbols": "No symbols or consecutive spaces are allowed in your name"
}